date,q2_plan_cost,q2_emergency_cost,q2_total_cost,q3_s0_total_cost,q3_s1_total_cost,actual_net_energy_kwh,saving_vs_q3_s0_yuan,saving_vs_q2_yuan,season,extreme_net_demand_day
2025-02-01,23124.02641631044,3.4748381949611937e-13,23124.02641631044,23799.725915184164,22880.65029984532,34378.17593333333,919.0756153388429,243.37611646511868,冬季,False
2025-02-02,57536.76745222535,3.6610003917303403e-13,57536.76745222535,58485.037233692674,57536.35927939761,78356.27794999999,948.6779542950608,0.40817282773787156,冬季,False
2025-02-03,58743.66664128964,0.0,58743.66664128964,59606.33294144191,57731.2334660803,80216.9165,1875.0994753616105,1012.4331752093349,冬季,False
2025-02-04,60124.14045187978,9.811422785332978e-13,60124.14045187978,60845.62832376656,59128.96082665846,81194.86395,1716.667497108101,995.1796252213171,冬季,False
2025-02-05,54998.1421371163,526.7502204613912,55524.89235757769,56633.18695501994,57025.95284565876,80748.42698333334,-392.7658906388169,-1501.0604880810642,冬季,False
2025-02-06,58286.74181041888,331.3203617476132,58618.062172166494,59690.46341836723,57441.64150534127,80271.05721666667,2248.8219130259604,1176.4206668252227,冬季,False
2025-02-07,23146.722177119897,0.0,23146.722177119897,23734.948108610508,22691.982875498157,31805.679666666663,1042.9652331123507,454.7393016217393,冬季,False
2025-02-08,18919.105827278203,2416.811737416718,21335.91756469492,21021.758334199843,20527.082943310907,31577.162716666666,494.6753908889368,808.8346213840123,冬季,False
2025-02-09,54815.08992009808,11.273349958800573,54826.36327005688,56956.09009083592,56717.20546190421,79555.41596666665,238.884628931708,-1890.8421918473323,冬季,False
2025-02-10,51700.2600008536,550.379779842519,52250.63978069612,53730.67520732594,52551.20285652691,74326.63758333333,1179.4723507990348,-300.5630758307889,冬季,False
2025-02-11,52021.01229529873,1500.4748513615557,53521.487146660285,54720.710711410895,53157.62497904191,75220.59713333333,1563.0857323689852,363.8621676183757,冬季,False
2025-02-12,50563.65800552132,33.506494805751544,50597.16450032707,54472.53769509207,53106.10754483028,75266.73613333332,1366.430150261789,-2508.943044503212,冬季,False
2025-02-13,46592.72009454125,7740.423984954042,54333.14407949529,50458.41113496238,50423.08270978922,71329.47901666666,35.32842517316021,3910.061369706069,冬季,False
2025-02-14,18687.755004962044,1506.7487774970273,20194.503782459076,20264.77995523368,20397.14849162353,29801.80181666666,-132.36853638985122,-202.64470916445498,冬季,False
2025-02-15,19115.152266333112,642.9845446646787,19758.136810997792,19790.14655080304,19439.217936346548,29280.0911,350.92861445649396,318.91887465124455,冬季,False
2025-02-16,51645.7419624364,60.65810437500117,51706.4000668114,55003.01711748543,53428.99051045789,75377.37909999999,1574.0266070275466,-1722.5904436464843,冬季,False
2025-02-17,51097.241920468914,165.6170147714857,51262.8589352404,54503.03535339573,51176.98533495055,71183.86316666666,3326.050018445181,85.87360028985131,冬季,False
2025-02-18,45185.09996076763,24644.640634430183,69829.74059519781,48801.49567524398,49244.80132104265,72091.38778333334,-443.3056457986677,20584.939274155164,冬季,False
2025-02-19,45767.04366880978,22947.387939815795,68714.43160862557,49245.358069232745,50953.82856958636,72879.32738333332,-1708.4705003536146,17760.60303903921,冬季,False
2025-02-20,49316.82060126327,129.4580217733517,49446.27862303662,50658.59367204878,50101.1107289077,70993.13373333332,557.4829431410835,-654.832105871079,冬季,False
2025-02-21,17512.957444789714,286.4986622022191,17799.456106991933,18360.56122426567,18491.486906546277,25560.262033333333,-130.92568228060554,-692.0307995543444,冬季,False
2025-02-22,18164.96625422672,1083.2931130749628,19248.25936730168,18680.87846662001,18723.94627195524,27844.762883333333,-43.067805335227604,524.3130953464424,冬季,False
2025-02-23,49100.32336170272,1205.531411494404,50305.85477319713,50320.95832062282,49260.90828070397,71531.85368333333,1060.0500399188531,1044.94649249316,冬季,False
2025-02-24,47539.95207519035,7.05416169921591e-13,47539.95207519035,48772.46814218096,48075.7960402051,68203.03361666667,696.6721019758552,-535.8439650147557,冬季,False
2025-02-25,48587.96755803027,1.3982059954287252e-13,48587.96755803027,49870.81691275561,47621.813445024,65821.32323333333,2249.003467731607,966.1541130062687,冬季,False
2025-02-26,43793.52195083875,10244.956575513825,54038.47852635258,48933.54455829489,47398.81630771912,68814.84803333333,1534.7282505757685,6639.662218633457,冬季,False
2025-02-27,45063.60969165548,194.13121829861385,45257.7409099541,46211.76680005154,47030.56523363682,66956.58419999998,-818.7984335852816,-1772.8243236827257,冬季,False
2025-02-28,17301.50939249796,595.6646124402416,17897.174004938202,18188.961430627613,17587.343882262154,23292.59355,601.6175483654588,309.83012267604863,冬季,False
2025-03-01,19074.30838775085,7.013767344687949e-14,19074.30838775085,19788.513997349284,19446.733938519847,23658.76593333333,341.7800588294376,-372.4255507689959,春季,False
2025-03-02,51172.88185557639,183.20232476988136,51356.08418034627,52252.69827586359,51749.05952861785,72358.30706666666,503.6387472457427,-392.97534827158233,春季,False
2025-03-03,52358.21714100075,2608.7522606884663,54966.96940168922,53884.9399057552,51915.19603036298,72017.14663333332,1969.743875392218,3051.773371326235,春季,False
2025-03-04,45176.95538831628,4822.131230133781,49999.08661845006,46758.469535399374,46995.1395889295,69199.45793333334,-236.67005353012792,3003.947029520561,春季,False
2025-03-05,47179.82846206408,2.20078390555601,47182.02924596964,48495.89656775647,46319.59924075342,66130.47201666667,2176.297327003049,862.4300052162216,春季,False
2025-03-06,43472.60344195038,1381.3971229576346,44854.00056490801,44799.03651148633,44859.4432083663,65940.65413333333,-60.40669687996706,-5.442643458285602,春季,False
2025-03-07,17877.76051307541,0.0,17877.76051307541,18492.54110924548,17556.149018057964,20922.28553333333,936.3920911875175,321.6114950174451,春季,False
2025-03-08,16271.89602701852,0.0,16271.89602701852,17179.55316664339,16736.669225005848,19063.139516666663,442.8839416375413,-464.7731979873279,春季,False
2025-03-09,45844.42958665829,8.547820229409809e-13,45844.42958665829,47238.755798650185,44936.99721809855,63333.52505,2301.7585805516355,907.432368559741,春季,False
2025-03-10,43676.42971782901,4095.617461814541,47772.047179643545,47210.76938665574,45664.99676219142,68042.07144999999,1545.77262446432,2107.0504174521266,春季,False
2025-03-11,38988.5651471592,29129.017049342965,68117.58219650216,61483.30633405916,44804.33976422797,63938.91879999999,16678.966569831195,23313.242432274194,春季,False
2025-03-12,44584.33572536264,162.26612923611424,44746.60185459875,45792.94689128716,44409.854008966926,62435.53468333333,1383.092882320234,336.74784563182766,春季,False
2025-03-13,44932.0205576544,785.5877759506462,45717.60833360504,45817.921343163805,46315.50856430691,67545.61801666666,-497.5872211431051,-597.9002307018673,春季,False
2025-03-14,15594.736398547408,851.173042952155,16445.909441499563,16839.852655133276,16704.632876715023,16029.425983333334,135.21977841825355,-258.7234352154592,春季,False
2025-03-15,15077.686240540426,3042.49308940872,18120.179329949147,17316.62223838779,16456.23790727849,20924.12515,860.3843311093005,1663.9414226706576,春季,False
2025-03-16,43450.71881790036,5.068656605544676e-14,43450.71881790036,44293.08322641033,44350.84513540743,63351.04693333333,-57.761908997097635,-900.1263175070708,春季,False
2025-03-17,39529.9572947976,1665.6567558124802,41195.61405061008,40694.99094976479,41643.84880879091,57858.13143333333,-948.8578590261241,-448.23475818083534,春季,False
2025-03-18,46094.65816657577,1.7692241005562438e-12,46094.65816657577,47125.889572941705,44278.14396315917,61125.958366666666,2847.7456097825343,1816.5142034165983,春季,False
2025-03-19,37434.97088586897,16194.84252914405,53629.81341501302,47974.64570726654,42291.27361795695,59465.47044999999,5683.372089309596,11338.539797056073,春季,False
2025-03-20,43959.73572811548,1687.9490954141593,45647.68482352964,45527.53572207716,45196.36536184179,62208.96181666666,331.17036023537366,451.3194616878536,春季,False
2025-03-21,15020.617459453471,861.2570696349904,15881.874529088462,15923.323307636254,15260.652729454723,12033.464516666669,662.6705781815308,621.2217996337386,春季,False
2025-03-22,15669.25100999717,3.053060027013999e-13,15669.25100999717,16576.98182518869,15887.386137909803,15881.199733333331,689.5956872788865,-218.13512791263383,春季,False
2025-03-23,44841.45191594947,1.887530132194115e-13,44841.45191594947,44341.8009222721,42322.76088861119,58769.72011666666,2019.040033660909,2518.6910273382746,春季,False
2025-03-24,40041.01166021829,0.0,40041.01166021829,41474.09700093762,43389.33660779039,57998.497083333335,-1915.2396068527742,-3348.3249475721022,春季,False
2025-03-25,44991.67825910331,112.8598189150176,45104.538078018326,46461.3474224484,44179.86570412198,60950.124716666665,2281.481718326424,924.6723738963483,春季,False
2025-03-26,37793.92680422218,7.741363106106292e-13,37793.92680422218,40927.50183739595,39137.983425065926,55592.55486666666,1789.5184123300205,-1344.056620843745,春季,False
2025-03-27,40060.735741456025,8.911436033542942e-13,40060.735741456025,42450.04122144134,42030.667801593205,58716.98939999999,419.37341984813247,-1969.93206013718,春季,False
2025-03-28,14965.559481697312,2.0703216918605001e-13,14965.559481697312,15939.182788958937,15440.263706355569,10821.880766666663,498.9190826033682,-474.70422465825686,春季,False
2025-03-29,14176.023514221835,2635.195783810218,16811.219298032054,17107.833727182675,15314.536920102575,7707.209183333331,1793.2968070800998,1496.6823779294791,春季,False
2025-03-30,39273.71086735903,3.256737102219631e-13,39273.71086735903,41387.30855965003,39211.32619500579,55345.6197,2175.9823646442383,62.38467235323333,春季,False
2025-03-31,34497.68775966328,25205.4771537127,59703.16491337598,46746.481515146486,39001.96594934184,56951.38948333333,7744.51556580465,20701.19896403414,春季,False
2025-04-01,40885.201757762174,2432.2708075595283,43317.4725653217,43369.33969300748,41649.71498699183,60208.85151666666,1719.624706015653,1667.7575783298744,春季,False
2025-04-02,38432.52963092491,8321.662742023731,46754.19237294864,41594.93952388588,41250.62270569421,60435.3354,344.3168181916699,5503.569667254429,春季,False
2025-04-03,40408.90677197139,136.62668478896518,40545.53345676036,42886.73570507441,40467.46164504444,55863.53026666667,2419.274060029973,78.07181171591947,春季,False
2025-04-04,14184.496580834852,0.0,14184.496580834852,14799.119716440797,14421.873085161102,6430.802249999999,377.24663127969507,-237.37650432625014,春季,False
2025-04-05,13572.114901467656,968.9202124094504,14541.035113877106,15217.647832902314,14360.170301457309,12044.114983333337,857.4775314450053,180.8648124197971,春季,False
2025-04-06,37003.599130062816,328.5636802481244,37332.16281031094,39447.403839982784,39178.19520418617,54410.076266666656,269.2086357966109,-1846.0323938752335,春季,False
2025-04-07,33430.633795492955,10117.954098375509,43548.58789386846,37694.96940733242,37040.1733253773,53242.719283333325,654.7960819551226,6508.414568491164,春季,False
2025-04-08,39684.57150278983,1491.3217376378611,41175.893240427686,40623.57727006007,38711.71011546019,54353.19361666666,1911.8671545998805,2464.183124967494,春季,False
2025-04-09,38633.12825797139,3.4867583820208384e-13,38633.12825797139,39365.73633531339,39916.00435830688,59134.31101666667,-550.2680229934849,-1282.8761003354884,春季,False
2025-04-10,37803.16458571311,6.373350736055271e-13,37803.16458571311,38819.40731552818,38077.97192413772,54460.6379,741.4353913904633,-274.80733842460904,春季,False
2025-04-11,12980.821691477884,1723.5924831283105,14704.414174606194,15798.83748919546,14477.976298094449,5316.650166666667,1320.861191101012,226.43787651174534,春季,False
2025-04-12,14464.479661375452,3.3539038213348253e-13,14464.479661375452,14824.01786970585,14225.745913488598,9025.16055,598.2719562172533,238.73374788685396,春季,False
2025-04-13,35071.56546463922,193.1697826466325,35264.735247285855,36659.59606257414,37027.25632020409,54276.35848333333,-367.6602576299483,-1762.5210729182363,春季,False
2025-04-14,37871.16728997486,0.0,37871.16728997486,39480.875959699566,37453.338133444006,52528.0318,2027.5378262555605,417.82915653085365,春季,False
2025-04-15,32158.719863512084,7097.138237081689,39255.858100593774,39576.83470673434,35154.846169304124,50139.42883333333,4421.988537430218,4101.0119312896495,春季,False
2025-04-16,35938.44312442705,32.76950103460953,35971.21262546166,38547.14296323738,37966.99851649573,55779.59194999999,580.1444467416441,-1995.7858910340728,春季,False
2025-04-17,33782.779371145654,12820.284803335491,46603.06417448114,42254.315701738335,36170.07944108511,52868.34235,6084.236260653226,10432.984733396028,春季,False
2025-04-18,12984.701029930253,205.21669289897372,13189.917722829225,13784.249767912115,13240.941697502152,6354.117183333332,543.308070409963,-51.02397467292758,春季,False
2025-04-19,12378.722308970377,109.03190839620936,12487.754217366586,13654.75896416738,13705.304352505624,6784.679250000001,-50.545388338243356,-1217.5501351390376,春季,False
2025-04-20,33922.142639136975,1901.0789746500088,35823.221613786984,34853.802784225554,36060.433268417175,51957.74488333333,-1206.6304841916208,-237.21165463019133,春季,False
2025-04-21,35871.70171493118,0.0,35871.70171493118,36528.041974742606,35132.753639128015,48516.91038333333,1395.2883356145903,738.9480758031641,春季,False
2025-04-22,32635.635442779723,6561.198705986351,39196.83414876607,39943.04839633175,35317.25831648749,52152.92931666666,4625.790079844264,3879.575832278584,春季,False
2025-04-23,31881.76891201153,11515.53808378826,43397.306995799794,46972.89291041196,35115.27287930301,51399.91671666666,11857.620031108949,8282.034116496783,春季,False
2025-04-24,33059.90093809448,571.6041874946684,33631.505125589145,32718.257600005767,34231.569918596564,47090.10669999999,-1513.312318590797,-600.0647930074192,春季,False
2025-04-25,12674.439260366536,0.0,12674.439260366536,13462.618994314582,12772.08927744147,2000.3576500000024,690.5297168731122,-97.6500170749332,春季,False
2025-04-26,12459.607786053522,144.56864643278874,12604.17643248631,13216.257680826157,13015.381783944858,70.19363333333195,200.8758968812981,-411.20535145854774,春季,False
2025-04-27,33011.186544059245,462.04665590761294,33473.23319996686,34146.68414063215,34314.00867695287,48573.47118333333,-167.3245363207243,-840.7754769860112,春季,False
2025-04-28,38767.04074087396,5.986091622389722e-13,38767.04074087396,37798.66770713688,38818.18497957807,56621.96731666667,-1019.5172724411896,-51.14423870410974,春季,False
2025-04-29,33191.55893316757,1895.6794927030328,35087.23842587061,36654.42945633642,34500.45811992107,47433.213716666665,2153.971336415343,586.7803059495345,春季,False
2025-04-30,31715.333024293675,232.1436267474019,31947.47665104108,37937.70194880015,34140.232320745294,48256.85443333333,3797.4696280548596,-2192.755669704213,春季,False
2025-05-01,33243.29151156121,13534.60668672749,46777.89819828871,44522.90232705443,43085.79767236113,51011.3788,1437.1046546932994,3692.1005259275844,春季,False
2025-05-02,13701.884781662684,9150.39500607793,22852.27978774061,23024.65213320273,21491.96513991141,14290.320083333332,1532.6869932913214,1360.3146478292,春季,False
2025-05-03,13514.083895430256,7273.892943868241,20787.9768392985,21609.600948120897,19804.608956576496,8867.17165,1804.9919915444007,983.3678827220028,春季,False
2025-05-04,36924.04961792006,106.31130139536666,37030.36091931543,40456.32499244147,39571.94387922241,51734.66733333333,884.3811132190604,-2541.5829599069766,春季,False
2025-05-05,39083.84240439114,2.348805594465375e-13,39083.84240439114,38938.80741089248,38084.539629248895,55076.0068,854.2677816435826,999.3027751422414,春季,False
2025-05-06,33872.49892950745,11165.41154479156,45037.91047429901,47668.93460132988,39705.85706917781,52870.08236666666,7963.0775321520705,5332.053405121202,春季,False
2025-05-07,37151.93350133042,4249.481804099229,41401.41530542965,45374.13066723982,39297.25143853073,55067.84595,6076.879228709091,2104.163866898918,春季,False
2025-05-08,40086.22897341885,89.91578352083502,40176.14475693968,39158.06844405944,39508.23768380793,55826.5124,-350.1692397484876,667.9070731317479,春季,False
2025-05-09,14139.501104517663,556.7240218547017,14696.225126372365,20633.33001251588,15592.513903218844,8499.38585,5040.816109297035,-896.2887768464789,春季,False
2025-05-10,14881.1758726819,8.046239230452557e-13,14881.1758726819,18485.57926891149,15427.414889129946,12121.045283333331,3058.164379781543,-546.2390164480457,春季,False
2025-05-11,38972.043203125744,100.04947791666834,39072.09268104241,39556.527394037534,38882.66071632266,55484.07908333333,673.8666777148756,189.43196471975534,春季,False
2025-05-12,34610.27802388609,565.6663579018962,35175.94438178798,44197.92787985477,37660.57772885411,51931.195233333325,6537.350151000661,-2484.6333470661266,春季,False
2025-05-13,40046.13370083567,1.4006840132196885e-13,40046.13370083567,38888.25324181605,39094.13744321894,53129.21276666666,-205.88420140289236,951.9962576167309,春季,False
2025-05-14,38404.05088450387,0.0,38404.05088450387,37434.60087928689,38122.24999008759,53014.14878333333,-687.649110800703,281.80089441627933,春季,False
2025-05-15,37818.28330143471,8.117861938217176e-14,37818.28330143471,37285.074129826375,38089.44496733223,52765.05828333333,-804.3708375058559,-271.1616658975181,春季,False
2025-05-16,15521.753965385806,3.5376501728023866e-13,15521.753965385806,15220.52163411996,14667.478379588145,2715.5065333333323,553.0432545318145,854.2755857976608,春季,False
2025-05-17,14851.829130255192,509.2824009339368,15361.111531189128,16631.023720037818,15095.237729157265,10448.799083333332,1535.785990880553,265.8738020318633,春季,False
2025-05-18,38989.693889200105,10.223537916667851,38999.91742711677,38417.03852762942,38003.89166252648,53676.1681,413.1468651029354,996.0257645902893,春季,False
2025-05-19,35516.714126727784,286.19442687500145,35802.908553602785,35218.403256982776,36656.54429112306,47515.21655,-1438.1410341402807,-853.6357375202715,春季,False
2025-05-20,33426.1357712411,20768.96368587801,54195.09945711911,45525.397403341136,37727.254396663,54527.39481666666,7798.1430066781395,16467.845060456115,春季,False
2025-05-21,33402.595166297935,7079.176218057987,40481.771384355925,48268.47526096871,37484.07627655965,51362.61528333333,10784.398984409061,2997.695107796273,春季,False
2025-05-22,35677.69881434381,7.617018127348274e-13,35677.69881434381,34947.449418825025,35827.52440769768,50816.63081666666,-880.0749888726568,-149.82559335387486,春季,False
2025-05-23,14813.73892508464,8.687095487402984e-14,14813.73892508464,15244.671208996626,15766.186532797912,6420.948883333333,-521.5153238012863,-952.4476077132713,春季,False
2025-05-24,14872.248296226337,2.0376706314987545,14874.285966857831,14895.253721826555,14555.677751581045,3754.501383333333,339.5759702455107,318.6082152767867,春季,False
2025-05-25,34313.7943625343,1455.6933218081851,35769.487684342486,35339.31271810561,36100.02975308774,48545.01018333333,-760.7170349821317,-330.542068745257,春季,False
2025-05-26,34688.84479343164,11440.50899522446,46129.3537886561,55054.84997923309,39036.70564721558,54579.83295,16018.14433201751,7092.648141440521,春季,False
2025-05-27,33047.77260043992,7.617018127348274e-13,33047.77260043992,40539.49655700882,37928.55344133412,49390.3673,2610.943115674694,-4880.7808408942,春季,False
2025-05-28,37207.141858418574,6.013523012882161e-14,37207.141858418574,36029.95793301475,37283.95581263763,52273.8241,-1253.9978796228752,-76.81395421905472,春季,False
2025-05-29,36777.32252464953,642.3897218736204,37419.71224652315,38783.9522301252,39446.26477266872,54110.1235,-662.312542543521,-2026.5525261455696,春季,False
2025-05-30,15592.604945643316,0.0,15592.604945643316,14962.231189553924,15289.987912672175,6596.233266666665,-327.7567231182511,302.61703297114036,春季,False
2025-05-31,15763.686237231575,4.596358849084936e-13,15763.686237231575,16084.55049640223,15471.112071784886,8389.181550000001,613.4384246173431,292.5741654466892,春季,False
2025-06-01,46239.007271893766,16683.270589190794,62922.27786108456,61140.96205345442,60555.91555891413,71224.8263,585.0464945402928,2366.3623021704334,夏季,False
2025-06-02,50906.849740535006,1312.064531400388,52218.91427193539,59206.20138059513,53979.36231053592,68640.80745,5226.839070059206,-1760.4480386005307,夏季,False
2025-06-03,47907.88552847583,590.9642319791683,48498.84976045499,54423.98862977848,49873.67963095255,68192.36683333333,4550.308998825931,-1374.8298704975605,夏季,False
2025-06-04,56345.68652044593,5.148473869454052e-13,56345.68652044593,54665.8403843692,52024.49478950296,69645.26081666666,2641.3455948662377,4321.19173094297,夏季,False
2025-06-05,49053.84745108513,0.0,49053.84745108513,53018.73362349884,50760.11307166336,71149.31801666666,2258.6205518354764,-1706.2656205782332,夏季,False
2025-06-06,16544.6011860686,23016.956857153546,39561.55804322215,41393.10061327291,34731.17367635011,30854.9954,6661.926936922799,4830.3843668720365,夏季,False
2025-06-07,18837.281705754547,11060.111874486163,29897.39358024071,33677.227399211246,28594.78297992247,31126.513166666664,5082.444419288775,1302.6106003182394,夏季,False
2025-06-08,47563.58393183568,5.146922887888649e-13,47563.58393183568,50892.33902716214,48367.5271612237,65184.923266666665,2524.8118659384418,-803.9432293880163,夏季,False
2025-06-09,52438.31024808458,1.1877498984347314e-13,52438.31024808458,53186.10405494589,51709.28602921873,70932.71273333333,1476.8180257271597,729.0242188658449,夏季,False
2025-06-10,47690.520849679815,123.9226135434054,47814.44346322322,48507.3749576628,51160.28364766742,71618.44423333333,-2652.908690004617,-3345.840184444198,夏季,False
2025-06-11,52958.953320895824,3048.074176539568,56007.02749743539,55511.96751779258,54817.99559509452,76084.44631666665,693.9719226980596,1189.0319023408665,夏季,False
2025-06-12,50401.248798440654,5.945158254583305e-14,50401.248798440654,51048.072596967846,51145.91967211316,72452.39143333332,-97.84707514531328,-744.670873672505,夏季,False
2025-06-13,20142.43015638779,6.727871593170674e-13,20142.43015638779,27631.170886185304,22049.43291041659,28345.3137,5581.737975768712,-1907.0027540288029,夏季,False
2025-06-14,21859.645789404636,3.570050921553048e-13,21859.645789404636,20480.228693741617,20945.15227480709,26193.34275,-464.9235810654718,914.4935145975469,夏季,False
2025-06-15,45523.09519016464,16175.675650103003,61698.77084026764,54682.56841600692,51136.08191641545,70626.97433333333,3546.4864995914686,10562.68892385219,夏季,False
2025-06-16,48473.37427667946,5895.299984682701,54368.67426136216,51468.00041374926,51519.13631454393,72694.05281666666,-51.135900794673944,2849.537946818229,夏季,False
2025-06-17,50005.82960554898,1215.41364347144,51221.243249020416,51019.80859127749,53476.29972026768,74637.01121666667,-2456.4911289901866,-2255.0564712472624,夏季,False
2025-06-18,50128.57423380359,3.1687896751009253e-13,50128.57423380359,50294.59103435728,51759.73229428089,70928.3909,-1465.1412599236064,-1631.158060477297,夏季,False
2025-06-19,46478.21360435396,14372.085290357249,60850.2988947112,55538.95166080103,51820.87346826926,68259.5042,3718.0781925317715,9029.425426441943,夏季,False
2025-06-20,23650.82127967428,0.0,23650.82127967428,21432.103217728727,20976.664738498657,22400.58085,455.4384792300698,2674.1565411756237,夏季,False
2025-06-21,21736.87892823134,0.0,21736.87892823134,20517.779379477804,20271.633055549508,19334.740399999995,246.14632392829662,1465.2458726818331,夏季,False
2025-06-22,43723.82718924091,109.6359054173605,43833.46309465827,50770.77123103043,48704.19586594138,67457.34109999999,2066.5753650890474,-4870.73277128311,夏季,False
2025-06-23,46766.60140965355,5.420472959372091e-13,46766.60140965355,46881.55845815115,47232.80353511465,67061.286,-351.2450769634961,-466.2021254610954,夏季,False
2025-06-24,54248.01240482524,175.7941413333345,54423.80654615857,54568.167053071214,54056.95068812654,76268.79225,511.21636494467384,366.8558580320314,夏季,False
2025-06-25,47403.64496855581,265.4258919609356,47669.07086051674,54498.28447900568,51275.47893347189,70437.42136666666,3222.805545533789,-3606.4080729551497,夏季,False
2025-06-26,45626.25318831503,294.7834383048624,45921.03662661989,46602.65380458782,48989.238409044665,67547.38383333333,-2386.584604456846,-3068.201782424774,夏季,False
2025-06-27,23641.49546333414,4.728493152583724e-13,23641.49546333414,21227.45907649875,20595.123508027544,19771.645866666662,632.3355684712078,3046.3719553065966,夏季,False
2025-06-28,21270.86576926693,6.24567064733128e-14,21270.86576926693,20103.107523166986,19773.6608034791,21776.926116666666,329.4467196878868,1497.2049657878306,夏季,False
2025-06-29,42409.689754980885,19501.68813903719,61911.37789401808,56891.29609012201,50011.07840261619,69267.76853333334,6880.217687505814,11900.299491401885,夏季,False
2025-06-30,47915.57870068775,168.26354342638862,48083.84224411414,48842.61352372629,49444.61989753514,69877.68398333332,-602.0063738088502,-1360.777653421006,夏季,False
2025-07-01,41316.67025337796,88077.89813567644,129394.5683890544,121093.6088923455,71418.43224498499,78866.54403333332,49675.17664736051,57976.136144069416,夏季,False
2025-07-02,43538.66055513873,40405.62780096304,83944.28835610178,87556.6345430781,62991.06469072233,72904.76636666666,24565.569852355766,20953.223665379453,夏季,False
2025-07-03,55862.65138030196,109.39260346666778,55972.04398376863,70670.19576487508,59710.65815745373,79760.41893333333,10959.537607421356,-3738.6141736850986,夏季,False
2025-07-04,20297.17579053912,23187.704997994217,43484.88078853334,56944.48773623573,46946.040317102576,28880.867466666663,9998.447419133154,-3461.1595285692383,夏季,False
2025-07-05,22833.81780066949,13542.133742004538,36375.95154267403,49714.27495760925,39155.05219868903,28790.079966666668,10559.222758920216,-2779.100656014998,夏季,False
2025-07-06,55430.97592499253,4429.231094057778,59860.20701905031,85025.91000771368,59046.17459168325,79793.98155,25979.73541603043,814.0324273670558,夏季,False
2025-07-07,57933.60647810703,9.841567560897605e-13,57933.60647810703,52622.91901735347,53889.21621710001,73409.48276666665,-1266.2971997465356,4044.3902610070218,夏季,False
2025-07-08,59958.25461445639,9.310294757369776e-13,59958.25461445639,55000.3354082055,55514.39523343973,75571.38701666666,-514.0598252342315,4443.859381016657,夏季,False
2025-07-09,59812.17272674094,1.6271428648906294e-12,59812.17272674094,55077.243283810734,54756.03860582228,74058.72501666666,321.20467798845493,5056.134120918658,夏季,False
2025-07-10,54814.54565811263,3.322941921624079e-13,54814.54565811263,50788.78925085066,52008.156567506776,72853.62338333332,-1219.367316656113,2806.3890906058514,夏季,False
2025-07-11,26526.078777888077,1.2616396816156342e-13,26526.078777888077,35072.658784782194,32010.22042821501,32518.77715,3062.438356567185,-5484.141650326932,夏季,False
2025-07-12,27850.15184872048,0.0,27850.15184872048,31161.488724852763,27277.25427079881,31084.24333333333,3884.2344540539525,572.8975779216707,夏季,False
2025-07-13,59899.01100569994,1.7492958193088272e-12,59899.01100569994,54954.84450882696,52771.53280300946,69267.7204,2183.3117058174976,7127.4782026904795,夏季,False
2025-07-14,53623.356707084575,1.0044542975151669e-12,53623.356707084575,51141.73903656466,52437.117603367216,71807.67921666667,-1295.3785668025594,1186.2391037173584,夏季,False
2025-07-15,53799.05551136053,5.4233062485309347e-14,53799.05551136053,52581.54169134625,52131.81276915327,72749.05058333333,449.728922192975,1667.2427422072578,夏季,False
2025-07-16,49695.69768596459,292.89861042083186,49988.59629638542,51852.32486423804,52268.47887317393,72134.56338333333,-416.1540089358896,-2279.8825767885137,夏季,False
2025-07-17,47131.41844777395,17869.749944493225,65001.16839226717,55916.843677131365,52895.10933410698,72720.41606666666,3021.7343430243855,12106.059058160194,夏季,False
2025-07-18,33351.210928965,8.225953251894681e-14,33351.210928965,27463.30519764604,26705.186425650943,31274.2481,758.1187719950976,6646.02450331406,夏季,False
2025-07-19,31285.103526647938,2.9984903449076226e-14,31285.103526647938,27488.047286182373,26683.273832861218,27182.81905,804.7734533211551,4601.82969378672,夏季,False
2025-07-20,50176.51751700713,21.561072000001307,50198.078589007135,52874.82224014619,53444.057502871234,72089.97821666666,-569.2352627250439,-3245.978913864099,夏季,False
2025-07-21,51625.287499067024,7.526580799999392,51632.81407986702,53272.590574723145,53676.69087072211,73989.74935,-404.1002959989637,-2043.8767908550872,夏季,False
2025-07-22,49231.9830065189,3852.4878264425593,53084.47083296146,50980.42468463883,53542.24280188373,73795.14461666666,-2561.818117244904,-457.7719689222722,夏季,False
2025-07-23,55675.68133521349,89.21786083333404,55764.89919604683,57485.23362378075,55148.29579109634,74216.54711666665,2336.937832684409,616.6034049504888,夏季,False
2025-07-24,55531.02292034071,0.0,55531.02292034071,56880.136449933045,54975.4361195288,73616.47200000001,1904.7003304042446,555.5868008119069,夏季,False
2025-07-25,29911.314944506743,0.0,29911.314944506743,25717.50166086004,25431.86462743174,26505.319566666665,285.63703342830195,4479.450317075003,夏季,False
2025-07-26,28583.14881477113,1.2616396816156342e-13,28583.14881477113,24936.877638261056,25362.83702450477,28469.091566666662,-425.9593862437141,3220.3117902663616,夏季,False
2025-07-27,48148.44640470274,10776.564658433734,58925.01106313648,60779.68803033666,53872.9907333726,73685.1898,6906.697296964063,5052.02032976388,夏季,False
2025-07-28,52438.62732640077,2407.0543500024387,54845.681676403205,53545.20537400948,55082.8278708185,77954.87723333333,-1537.6224968090246,-237.14619441529794,夏季,False
2025-07-29,50297.2716444647,9157.137159028613,59454.40880349332,53233.54302183544,55603.69836939994,76069.24595,-2370.155347564505,3850.71043409338,夏季,False
2025-07-30,45981.44292310909,38297.30436659946,84278.74728970855,78259.8608415042,55221.46996986448,74103.25404999999,23038.390871639713,29057.27731984407,夏季,False
2025-07-31,49036.9141056229,11899.799683869052,60936.71378949195,62978.131604978975,53769.4157279412,74694.99626666665,9208.715877037772,7167.298061550748,夏季,False
2025-08-01,29999.59499187348,0.0,29999.59499187348,25526.484794112017,25091.389130805568,21251.359666666664,435.09566330644884,4908.205861067912,夏季,False
2025-08-02,26471.20159187969,1.2616396816156342e-13,26471.20159187969,25873.57280362841,25393.97929931329,20927.02493333333,479.5935043151185,1077.2222925663991,夏季,False
2025-08-03,43411.87362556019,1916.6417100298847,45328.51533559008,44619.21592671802,45081.17484061461,62839.47998333334,-461.95891389658937,247.34049497546948,夏季,False
2025-08-04,48151.8937249336,0.0,48151.8937249336,47467.89550383559,48470.79828767536,65415.65508333333,-1002.9027838397669,-318.9045627417581,夏季,False
2025-08-05,46565.78324968541,6.25902885076357e-13,46565.78324968541,46109.33220902765,47500.14005895738,65152.30973333333,-1390.8078499297335,-934.3568092719725,夏季,False
2025-08-06,51840.42292558175,4.59287718967971e-13,51840.42292558175,51216.62538963175,50465.95584439498,68114.39926666666,750.6695452367712,1374.467081186769,夏季,False
2025-08-07,50879.30545897153,23.176033691666262,50902.4814926632,50470.97878480834,49765.261686159225,63387.98525,705.7170986491183,1137.2198065039775,夏季,False
2025-08-08,24551.171829789277,0.0,24551.171829789277,24631.585530557488,24560.531939918143,15775.17125,71.0535906393452,-9.360110128865927,夏季,False
2025-08-09,22591.824205736204,0.0,22591.824205736204,24650.175648040648,24420.72896560229,18921.929,229.44668243835622,-1828.9047598660873,夏季,False
2025-08-10,48220.65943366826,482.6061469583317,48703.26558062659,48050.93818346533,47586.69750024267,65304.61905,464.2406832226625,1116.5680803839205,夏季,False
2025-08-11,45940.85626667566,641.9654308778439,46582.8216975535,48872.8203613816,47981.51789362876,64561.25333333333,891.3024677528374,-1398.6961960752596,夏季,False
2025-08-12,48511.03165988575,550.7503650537809,49061.78202493953,49831.663590207245,50239.131319343775,67760.54365,-407.46772913652967,-1177.3492944042446,夏季,False
2025-08-13,43530.24427603441,12361.868666626471,55892.11294266088,46595.75296413918,47609.15288784183,66120.97945,-1013.399923702651,8282.96005481905,夏季,False
2025-08-14,45574.00641101773,34.609417500000326,45608.61582851774,46883.30684298441,48990.52830178005,65926.29098333334,-2107.221458795633,-3381.9124732623095,夏季,False
2025-08-15,23294.47798915776,1384.43232349754,24678.91031265529,25369.54716499389,24545.256658736253,17159.72688333333,824.2905062576392,133.65365391903833,夏季,False
2025-08-16,24368.037070785005,1754.1866428439605,26122.22371362897,27295.180613447905,24926.15833568045,16929.280366666666,2369.0222777674535,1196.0653779485183,夏季,False
2025-08-17,46779.3478287193,672.0018453440185,47451.34967406332,48331.50713499733,48426.13841407628,63165.39361666667,-94.6312790789525,-974.7887400129621,夏季,False
2025-08-18,46190.54085307149,405.45077854166806,46595.99163161316,47667.14246929879,47308.33179954734,64394.11561666666,358.8106697514522,-712.3401679341841,夏季,False
2025-08-19,45138.731512602295,524.2758748708349,45663.00738747313,47477.78165837613,47686.30253760521,64317.66005,-208.52087922907958,-2023.2951501320786,夏季,False
2025-08-20,49431.127611890304,199.66936398012103,49630.79697587043,50768.37278269434,51054.32385433325,70650.69106666667,-285.951071638905,-1423.5268784628206,夏季,False
2025-08-21,47146.451348881776,7.728062634271282e-13,47146.451348881776,48367.08431068983,47635.719776992,65844.41848333333,731.3645336978298,-489.2684281102265,夏季,False
2025-08-22,22871.975138368216,3486.9374253001133,26358.91256366833,26283.877810934897,24412.81925782493,21230.5694,1871.0585531099678,1946.093305843402,夏季,False
2025-08-23,22551.277019960027,5437.584256251988,27988.861276212017,25703.80928886741,24983.802731692813,22530.00615,720.0065571745981,3005.0585445192046,夏季,False
2025-08-24,45435.35611917787,0.0,45435.35611917787,46764.88918498276,47096.78794169759,63733.58948333333,-331.8987567148288,-1661.4318225197203,夏季,False
2025-08-25,58181.57619911528,6.991776047016175e-13,58181.57619911528,59906.26106438489,55101.2664877355,70773.08701666666,4804.994576649391,3080.309711379785,夏季,False
2025-08-26,45481.74685933083,897.3015586695146,46379.04841800034,47314.06312493669,48094.04074209255,65528.81838333333,-779.9776171558551,-1714.9923240922071,夏季,False
2025-08-27,45249.372811612346,11744.479486371616,56993.85229798396,51837.08096764968,51034.630066268524,67914.14886666666,802.4509013811548,5959.222231715437,夏季,False
2025-08-28,44364.081571171,30527.832155425796,74891.9137265968,65077.63379915964,51792.784360562335,70767.79498333333,13284.849438597303,23099.129366034467,夏季,False
2025-08-29,24827.089909545048,4.176996526439325e-13,24827.089909545048,26421.22631680392,25687.32725843816,22555.220350000003,733.8990583657614,-860.2373488931116,夏季,False
2025-08-30,23793.00358570229,284.9051588334895,24077.908744535776,25628.812120375856,24881.5384496844,18512.71983333333,747.2736706914548,-803.6297051486254,夏季,False
2025-08-31,46016.34843775262,4681.36360998229,50697.71204773491,46902.86727178162,47742.67507187608,66646.62308333332,-839.8078000944588,2955.0369758588276,夏季,False
2025-09-01,51512.08495529876,2.36866526392987e-13,51512.08495529876,51614.79195816444,49236.5791503936,53574.13453333333,2378.2128077708403,2275.5058049051586,秋季,False
2025-09-02,41842.35753224746,4.260698460711865e-13,41842.35753224746,43676.88763624683,45121.36741936304,54057.75585,-1444.479783116214,-3279.009887115586,秋季,False
2025-09-03,43000.92250912579,0.0,43000.92250912579,44510.87213499525,43556.10193137956,55547.71725,954.7702036156843,-555.1794222537719,秋季,False
2025-09-04,40868.39008248677,58.84340114583389,40927.233483632604,41696.4823299655,40820.39277293302,53925.56554999999,876.0895570324865,106.84071069958736,秋季,False
2025-09-05,24033.379180228647,3.853273256027024e-13,24033.379180228647,25814.178850068645,24556.30003530556,6824.261666666666,1257.878814763084,-522.9208550769144,秋季,False
2025-09-06,20262.62404841696,1.0182077403442234e-12,20262.62404841696,23455.81773346417,21916.130089124657,7721.083699999998,1539.6876443395122,-1653.5060407076962,秋季,False
2025-09-07,35219.065977074184,1538.2133015838112,36757.279278658,38554.97680987506,38977.51861452852,54960.98361666666,-422.54180465346144,-2220.239335870516,秋季,False
2025-09-08,42091.96444779801,233.1189076191055,42325.08335541712,43015.59845371488,42722.37659267578,59395.569533333335,293.22186103910644,-397.29323725865834,秋季,False
2025-09-09,36535.15314788128,8099.758430762578,44634.911578643856,45233.228939948254,38845.5665753653,53102.834266666665,6387.662364582953,5789.345003278555,秋季,False
2025-09-10,42857.07769321007,821.3127254546739,43678.39041866474,43915.90099340421,45273.78804877694,61315.99865,-1357.887055372732,-1595.397630112202,秋季,False
2025-09-11,42579.10612835,99.62553423515692,42678.73166258515,42910.373406631,40789.92372289109,53496.08578333333,2120.4496837399056,1888.8079396940593,秋季,False
2025-09-12,21125.98370493153,3.565503448044183e-13,21125.98370493153,22330.04928309939,21920.66761482993,11551.6562,409.3816682694596,-794.6839098984019,秋季,False
2025-09-13,18038.25657775012,7.970477611252135e-13,18038.25657775012,20330.816057206597,19254.94007637778,8007.101483333332,1075.875980828816,-1216.6834986276626,秋季,False
2025-09-14,45213.52809563525,374.7579725398031,45588.28606817505,46225.855443795095,43485.64192838496,60099.32475,2740.2135154101343,2102.6441397900926,秋季,False
2025-09-15,38512.25961703432,7.893606150000556,38520.15322318432,41029.87416167063,41616.6313220926,55067.03063333333,-586.7571604219702,-3096.478098908279,秋季,False
2025-09-16,45500.50478711523,1767.078202416481,47267.58298953171,45310.6262128083,43145.79305360343,59491.76998333333,2164.8331592048708,4121.789935928275,秋季,False
2025-09-17,43949.05863142752,34.70889375000088,43983.76752517752,43732.18466700045,42662.72033076628,59960.1184,1069.464336234174,1321.0471944112433,秋季,False
2025-09-18,39188.157397135394,8669.865120138991,47858.02251727438,51654.61075848489,43593.494235008206,58956.05111666666,8061.116523476681,4264.528282266176,秋季,False
2025-09-19,17486.337347085537,4046.950713290162,21533.2880603757,19616.482672609996,18732.61423708373,16101.352316666667,883.8684355262667,2800.6738232919706,秋季,False
2025-09-20,17105.797058330587,3844.3824514750986,20950.179509805686,19236.365441128943,18571.437538138394,15645.433733333331,664.9279029905483,2378.741971667292,秋季,False
2025-09-21,43598.33890281136,1.3008616406295913e-12,43598.33890281136,42997.04521819823,42245.691048209104,58287.48748333333,751.3541699891284,1352.6478546022554,秋季,False
2025-09-22,46498.85528541201,36.60771285000143,46535.46299826202,46332.24668153374,44677.3075729144,60614.01988333333,1654.9391086193427,1858.1554253476206,秋季,False
2025-09-23,45031.71437800086,298.50348161916645,45330.21785962003,44941.96251973331,44239.81200601747,62116.615583333325,702.1505137158383,1090.4058536025623,秋季,False
2025-09-24,39465.28392338393,18226.35541766998,57691.63934105392,56168.185750993696,43792.35752605809,61063.2251,12375.828224935605,13899.281814995826,秋季,False
2025-09-25,43932.58189106673,103.49743166666676,44036.0793227334,43132.20154819332,44707.16834751772,60335.4489,-1574.9667993244002,-671.0890247843199,秋季,False
2025-09-26,18275.97958328284,3.5376501728023866e-13,18275.97958328284,19898.76236901592,18780.078754751044,17694.243499999997,1118.6836142648754,-504.0991714682059,秋季,False
2025-09-27,17122.552520558893,8907.833031071512,26030.385551630403,21109.168248330083,19142.71561177744,17801.30225,1966.4526365526435,6887.669939852964,秋季,False
2025-09-28,44083.71872687075,1690.0628653968795,45773.78159226763,43064.17093139519,45998.28647308839,63487.62916666666,-2934.1155416932015,-224.50488082075753,秋季,False
2025-09-29,46532.22641939215,134.73625666666732,46666.96267605882,45664.46262392693,49132.75784146135,62759.89159999999,-3468.2952175344253,-2465.795165402531,秋季,False
2025-09-30,45726.90234809633,3506.234542879344,49233.13689097567,49417.076756016046,48291.9388534728,65422.17476666667,1125.137902543247,941.1980375028725,秋季,False
2025-10-01,41324.24293628176,3.808509063674137e-13,41324.24293628176,41884.94665248075,40756.104482566414,49661.52153333333,1128.8421699143364,568.1384537153426,秋季,False
2025-10-02,44500.70457942152,1.3487717609450557e-12,44500.70457942152,45778.20348978772,41770.618305657736,51730.78311666666,4007.585184129981,2730.086273763787,秋季,False
2025-10-03,15997.013004344675,3.5608405113407573e-13,15997.013004344675,18503.70744493021,17811.440045097846,7817.1537,692.2673998323626,-1814.4270407531712,秋季,False
2025-10-04,16343.079548112348,1.1897327567567117e-13,16343.079548112348,18741.88460269113,17357.82669255308,13095.982433333334,1384.05791013805,-1014.7471444407329,秋季,False
2025-10-05,43609.11434965298,4.490701144277409e-13,43609.11434965298,44148.64426436206,41361.63520873556,54735.96106666667,2787.0090556264986,2247.479140917414,秋季,False
2025-10-06,36757.21045901198,10248.091867942148,47005.30232695412,50462.89642571232,40172.44658326173,57733.10925,10290.449842450595,6832.855743692395,秋季,False
2025-10-07,38128.54699722372,5481.409981845512,43609.95697906923,40907.11383813647,40102.36609070636,57771.563,804.7477474301122,3507.5908883628726,秋季,False
2025-10-08,37588.48887784687,668.2418413171295,38256.730719164,38721.83593981144,39243.46817784397,56478.49566666666,-521.6322380325291,-986.7374586799706,秋季,False
2025-10-09,44072.077006362895,250.9325181125793,44323.00952447548,44180.56316147871,43973.48527692306,55759.98168333333,207.07788455565606,349.524247552421,秋季,False
2025-10-10,16887.228968821473,0.0,16887.228968821473,18398.69538632741,17862.837142007174,9343.610916666668,535.8582443202358,-975.6081731857012,秋季,False
2025-10-11,16074.756365803158,361.0329690057267,16435.789334808884,17661.5466619782,17011.120249715314,14106.313583333333,650.4264122628847,-575.3309149064298,秋季,False
2025-10-12,39685.918991064216,2868.437859860401,42554.35685092462,42350.0483755742,40429.39481551682,58514.95598333333,1920.6535600573843,2124.9620354077997,秋季,False
2025-10-13,40660.03858580904,1342.558731609004,42002.59731741804,43303.60465879179,40925.26322365922,57027.39529999999,2378.34143513257,1077.3340937588218,秋季,False
2025-10-14,42975.579349692496,2396.787272469625,45372.36662216213,46956.76920290482,44662.778384754725,60773.82928333333,2293.990818150094,709.5882374074063,秋季,False
2025-10-15,45191.34859362489,1.0108874848313577e-13,45191.34859362489,45622.58074391184,44102.28131139286,61920.02365,1520.2994325189866,1089.067282232034,秋季,False
2025-10-16,42744.16107521221,1.0848850706679514e-12,42744.16107521221,44948.11741545647,43649.3916124992,62966.47295,1298.7258029572695,-905.230537286996,秋季,False
2025-10-17,14771.851598594658,8047.510556497846,22819.3621550925,19190.871982353256,16761.510704529548,16004.199316666663,2429.3612778237075,6057.851450562954,秋季,False
2025-10-18,17758.65475251995,0.0,17758.65475251995,18006.91027392029,17381.230640787817,16076.593266666663,625.6796331324731,377.4241117321326,秋季,False
2025-10-19,43745.320403097765,128.05342590529273,43873.37382900306,44506.81804338921,43813.02249263255,63885.72253333332,693.7955507566585,60.35133637050603,秋季,False
2025-10-20,46527.69780801758,186.37769119250328,46714.075499210085,47499.03205345794,46017.63123352762,64440.782366666666,1481.4008199303134,696.4442656824613,秋季,False
2025-10-21,44685.26941807668,1.1598899618547877e-13,44685.26941807668,48401.20850321956,46351.7670163623,66462.58135,2049.441486857264,-1666.4975982856195,秋季,False
2025-10-22,43200.42191288444,7225.809905006012,50426.23181789045,44869.96190201983,45084.102266070215,65554.8967,-214.14036405038496,5342.129551820239,秋季,False
2025-10-23,49556.96618382512,2726.812770098429,52283.778953923545,51494.42013018636,48708.48559051942,63379.497033333326,2785.934539666938,3575.2933634041256,秋季,False
2025-10-24,17220.58986927317,521.9509347502786,17742.54080402345,18578.17651410016,17334.31114186799,18420.050716666665,1243.8653722321687,408.22966215545966,秋季,False
2025-10-25,18008.298550574873,306.48980182082664,18314.7883523957,17918.013403368277,17637.824092483337,19398.43273333333,280.1893108849399,676.9642599123617,秋季,False
2025-10-26,46203.222547626174,2273.693541874637,48476.91608950081,47599.94822011019,47219.89684301896,64544.31201666666,380.05137709122937,1257.0192464818465,秋季,False
2025-10-27,41986.96820928227,7649.907902316799,49636.87611159907,45690.68187432389,45920.99513560879,63552.581666666665,-230.31326128490036,3715.8809759902797,秋季,False
2025-10-28,42546.71750618649,15140.07183359302,57686.78933977951,50582.80297289364,46603.775330361575,65972.42169999999,3979.0276425320626,11083.014009417937,秋季,False
2025-10-29,47438.015486163495,1123.8552422781288,48561.87072844162,48544.94234785386,48134.628259346,69312.2568,410.314088507861,427.242469095625,秋季,False
2025-10-30,42193.89985095046,11462.37195941693,53656.27181036739,48428.87254789768,45575.59237386184,64787.81765,2853.280174035841,8080.679436505554,秋季,False
2025-10-31,18937.413925119603,1.4124879044175033e-13,18937.413925119603,18998.58661723603,18245.17940035028,23904.29206666666,753.4072168857492,692.2345247693229,秋季,False
2025-11-01,17948.357582718665,0.0,17948.357582718665,18332.660423662608,18099.591793112,22544.038433333328,233.06863055060967,-151.23421039333334,秋季,False
2025-11-02,47043.101017929934,825.6841684007163,47868.78518633065,49090.49540991643,48761.25460656519,68796.38393333333,329.2408033512402,-892.4694202345418,秋季,False
2025-11-03,49919.69463695529,3.787050673054182e-13,49919.69463695529,49873.62341090951,48656.98909448627,69504.93028333332,1216.6343164232385,1262.7055424690188,秋季,False
2025-11-04,46438.74329707354,99.14206493394452,46537.88536200748,46529.704960312345,47118.65338079534,67580.07203333333,-588.9484204829932,-580.7680187878577,秋季,False
2025-11-05,51859.31468215863,5.333689045983192e-13,51859.31468215863,51769.37890314615,50564.3969866304,69678.02006666666,1204.981916515746,1294.9176955282237,秋季,False
2025-11-06,48431.225200052286,4.480114057514584e-13,48431.225200052286,50302.8212760288,49917.530882250365,71369.58455,385.2903937784358,-1486.305682198079,秋季,False
2025-11-07,17962.38177935187,162.58897675669067,18124.97075610856,19428.078822655803,18663.84092989891,23318.46178333333,764.2378927568934,-538.8701737903502,秋季,False
2025-11-08,18309.684922831,7.708678140261327e-14,18309.684922831,18630.960158921625,18423.03036602851,23791.2071,207.92979289311552,-113.34544319751149,秋季,False
2025-11-09,49885.85618133376,9.783320820133669e-13,49885.85618133376,49938.22847495531,49631.96840895352,71346.81718333333,306.26006600178516,253.88777238023613,秋季,False
2025-11-10,49488.99238306272,2.725712988649321e-13,49488.99238306272,50615.20996703907,52058.96117444628,73858.4431,-1443.7512074072147,-2569.9687913835587,秋季,False
2025-11-11,51419.29450172732,4.2430592372966203e-13,51419.29450172732,52592.5285685103,50976.11193822563,71559.01966666666,1616.4166302846716,443.18256350169395,秋季,False
2025-11-12,48685.298803201695,8.711964483154589e-14,48685.298803201695,50031.8614027966,51099.01335525294,70955.98775,-1067.1519524563337,-2413.714552051242,秋季,False
2025-11-13,47477.16722498127,10200.958614773304,57678.125839754575,58231.43895887962,50492.58540059605,72395.87131666666,7738.853558283568,7185.540439158525,秋季,False
2025-11-14,18782.60089928765,4.2732040128612426e-13,18782.60089928765,18983.7554431487,18723.726217874344,27598.4553,260.0292252743566,58.87468141330464,秋季,False
2025-11-15,19660.903449494945,1.4027534689375898e-13,19660.903449494945,20010.702390665854,19490.78986241251,28211.886916666663,519.912528253346,170.11358708243642,秋季,False
2025-11-16,49242.11280834096,7007.779145936642,56249.8919542776,50600.10767243401,52507.73674577812,74434.54438333333,-1907.6290733441128,3742.1552084994764,秋季,False
2025-11-17,47875.86594014919,9521.99456649753,57397.86050664672,55601.87611287254,53065.7793050642,72695.75433333333,2536.096807808339,4332.081201582521,秋季,False
2025-11-18,50567.91855492405,1142.6693916215322,51710.58794654558,50628.90550998437,51526.64299891785,74890.55183333333,-897.7374889334824,183.94494762772956,秋季,False
2025-11-19,50158.81846600693,5911.209668576417,56070.02813458334,53596.31481861898,54166.73259696872,75368.31159999999,-570.4177783497435,1903.2955376146201,秋季,False
2025-11-20,50326.47668478769,1109.275907220392,51435.75259200808,54002.16017282903,52538.76686957705,74793.07603333332,1463.3933032519853,-1103.0142775689674,秋季,False
2025-11-21,18897.00498361532,3.1193064797818695e-13,18897.00498361532,19322.591913057044,19433.211434673296,28864.384066666666,-110.61952161625231,-536.2064510579767,秋季,False
2025-11-22,20233.77936670556,149.41889552954046,20383.1982622351,20438.478544248173,20343.170800486416,30219.82948333333,95.30774376175759,40.02746174868298,秋季,False
2025-11-23,50698.11121799181,865.031317918379,51563.14253591019,53415.619926267376,53062.01087569155,75232.09628333333,353.6090505758257,-1498.8683397813584,秋季,False
2025-11-24,50262.82726490023,262.41167380625,50525.23893870648,50820.709768043926,51525.93489553999,74161.9437,-705.2251274960654,-1000.6959568335078,秋季,False
2025-11-25,58432.427973563295,5.705338423922513e-13,58432.427973563295,57878.422921851205,55403.65607128026,76168.66046666667,2474.7668505709444,3028.771902283035,秋季,False
2025-11-26,54003.77561093905,14.702405927778194,54018.47801686682,54095.68776405501,54900.63269144729,76757.66688333332,-804.9449273922801,-882.1546745804662,秋季,False
2025-11-27,52253.56173319272,4.978915058018174e-13,52253.56173319272,52343.068797801054,53649.27791954076,75780.89273333333,-1306.2091217397028,-1395.716186348036,秋季,False
2025-11-28,19099.98234838332,195.0022948881334,19294.98464327145,20110.960377412623,19642.27435626241,30921.23855,468.6860211502135,-347.2897129909579,秋季,False
2025-11-29,23864.79457965067,2.727393867108586,23867.521973517774,23966.38101299285,22608.171261873034,34929.4501,1358.2097511198153,1259.35071164474,秋季,False
2025-11-30,54178.79715794328,92.56617907780068,54271.36333702108,56652.148126832086,56310.037697183376,80244.82811666666,342.1104296487101,-2038.6743601622948,秋季,False
2025-12-01,57348.02230383073,14531.655349167497,71879.67765299823,73024.71630634894,70226.22550917865,86298.92773333333,2798.4907971702924,1653.4521438195807,冬季,False
2025-12-02,60755.41050747325,7632.488731812577,68387.89923928582,70469.115277291,66394.32279363414,88637.80995,4074.7924836568563,1993.5764456516772,冬季,True
2025-12-03,55655.04891242745,29523.12081424612,85178.16972667357,84914.63417898671,63090.68024881829,87162.74856666666,21823.953930168427,22087.489477855284,冬季,False
2025-12-04,62593.19679909413,4.7984727302718975e-14,62593.19679909413,67755.55723650046,62916.005736378975,86771.20874999999,4839.551500121488,-322.80893728484807,冬季,False
2025-12-05,21141.95388153386,24573.22437812625,45715.17825966011,46451.81108485564,32462.02671776987,41311.627683333325,13989.78436708577,13253.151541890242,冬季,False
2025-12-06,24033.75069285329,10260.751960307663,34294.502653160955,36191.12635088012,29727.926661929658,43664.63081666666,6463.199688950463,4566.575991231297,冬季,False
2025-12-07,65343.110649825525,7.688356618018589e-13,65343.110649825525,64771.02539579429,63112.40087689841,87652.68125,1658.6245188958783,2230.7097729271118,冬季,True
2025-12-08,64899.69660135053,3.6610003917303403e-13,64899.69660135053,64453.57899482066,63774.09304602435,87847.21111666667,679.4859487963113,1125.6035553261827,冬季,True
2025-12-09,63855.69109917609,4.2173553538304986e-13,63855.69109917609,63632.89514878908,62476.78032247895,87388.45426666667,1156.1148263101277,1378.9107766971356,冬季,True
2025-12-10,61380.40167216541,3.944933268940076e-13,61380.40167216541,62522.83511545615,63030.6495863696,88387.61846666665,-507.8144709134431,-1650.2479142041848,冬季,True
2025-12-11,62952.79238481952,1.923673664805392e-12,62952.79238481952,62967.75898706223,61494.70897153508,85961.25469999999,1473.0500155271511,1458.0834132844393,冬季,False
2025-12-12,24498.32582081023,2755.5890004360704,27253.9148212463,35344.341096397235,27368.28851962797,43714.41348333333,7976.052576769263,-114.37369838167069,冬季,False
2025-12-13,26559.24821790801,2.669802157129197e-13,26559.24821790801,26040.79343626286,26226.64799770193,43798.53338333333,-185.8545614390714,332.60022020608085,冬季,False
2025-12-14,59209.04938294744,15269.6447297976,74478.69411274504,68369.16464737579,63700.5776209078,88778.7218,4668.587026467983,10778.116491837238,冬季,True
2025-12-15,60158.27297963372,4070.085721193968,64228.35870082769,70814.0888473526,63873.76119488892,89469.55796666665,6940.327652463682,354.59750593877106,冬季,True
2025-12-16,63868.422345040206,7.028546633591759e-13,63868.422345040206,63454.13551309885,62729.33491676157,89418.09133333333,724.8005963372852,1139.087428278639,冬季,True
2025-12-17,63921.1169989702,9.269918166410203e-13,63921.1169989702,63746.04021700301,62326.49853710299,88191.84706666667,1419.5416799000159,1594.6184618672123,冬季,True
2025-12-18,61008.03927167698,65.39233910902804,61073.43161078601,60985.41975962013,61770.10398808643,87366.26696666666,-784.6842284662998,-696.6723773004196,冬季,True
2025-12-19,25965.547023000043,3.152962335661869e-13,25965.547023000043,27128.149650686515,26391.733969353216,42908.3913,736.4156813332993,-426.18694635317297,冬季,False
2025-12-20,27544.07874664825,6.886562431418498e-13,27544.07874664825,26387.43092051201,25819.642070594364,42856.35225,567.7888499176479,1724.436676053887,冬季,False
2025-12-21,62586.85101199514,1.338769095582393e-13,62586.85101199514,62512.125238022345,63352.284932720526,89037.78186666666,-840.1596946981808,-765.433920725387,冬季,True
2025-12-22,61653.83196862256,430.4291781229216,62084.26114674548,61565.96441886099,62002.65347140169,88937.42708333333,-436.6890525406998,81.60767534378829,冬季,True
2025-12-23,63044.1850643982,110.39647285094644,63154.58153724914,62940.32417719564,61869.70490709708,87258.09253333331,1070.6192700985557,1284.876630152059,冬季,True
2025-12-24,62680.055245004754,138.68810237499943,62818.74334737976,62569.5130653868,62157.557028742034,87854.55931666667,411.9560366447622,661.1863186377232,冬季,True
2025-12-25,58062.2317961618,9651.581640913597,67713.81343707538,63991.10846187039,62147.58947670087,87812.44853333334,1843.5189851695177,5566.223960374511,冬季,True
2025-12-26,26033.52160478694,0.0,26033.52160478694,26874.22140609254,25799.0139864294,43007.62243333333,1075.2074196631402,234.5076183575402,冬季,False
2025-12-27,26451.1243286472,3.5790925778655954e-13,26451.1243286472,25630.7251436482,26030.999691250698,43338.80906666666,-400.2745476024975,420.1246373965041,冬季,False
2025-12-28,59983.16678947062,597.9733405359409,60581.14013000656,61594.5448576494,61384.70641128882,86809.25475000001,209.83844636058348,-803.5662812822557,冬季,False
2025-12-29,58505.70816380269,2098.4102600483134,60604.118423851,60174.63747755041,62297.87628717018,87523.76626666667,-2123.2388096197683,-1693.7578633191733,冬季,True
2025-12-30,59761.06081066145,1839.2783123377965,61600.33912299925,62094.26850318286,61140.3772388408,86224.4026,953.8912643420554,459.9618841584452,冬季,False
2025-12-31,63104.50911839395,840.0394529778156,63944.54857137176,60048.49001298375,64497.208990667605,88646.42293333334,-4448.718977683857,-552.6604192958475,冬季,True
