date,q3_s0_total_cost,q3_s1_total_cost,actual_net_energy_kwh
2025-02-01,23799.725915184164,22880.65029984532,34378.17593333333
2025-02-02,58485.037233692674,57536.35927939761,78356.27794999999
2025-02-03,59606.33294144191,57731.2334660803,80216.9165
2025-02-04,60845.628323766556,59128.96082665846,81194.86395
2025-02-05,56633.18695501994,57025.95284565876,80748.42698333334
2025-02-06,59690.46341836723,57441.64150534127,80271.05721666667
2025-02-07,23734.948108610508,22691.982875498154,31805.679666666663
2025-02-08,21021.758334199843,20527.082943310907,31577.162716666666
2025-02-09,56956.09009083592,56717.20546190421,79555.41596666665
2025-02-10,53730.67520732594,52551.20285652691,74326.63758333333
2025-02-11,54720.710711410895,53157.62497904191,75220.59713333333
2025-02-12,54472.53769509207,53106.10754483028,75266.73613333332
2025-02-13,50458.41113496238,50423.08270978922,71329.47901666666
2025-02-14,20264.77995523368,20397.14849162353,29801.80181666666
2025-02-15,19790.146550803038,19439.217936346548,29280.091099999998
2025-02-16,55003.017117485426,53428.990510457894,75377.37909999999
2025-02-17,54503.035353395724,51176.98533495055,71183.86316666666
2025-02-18,48801.49567524398,49244.80132104265,72091.38778333334
2025-02-19,49245.358069232745,50953.82856958636,72879.32738333332
2025-02-20,50658.59367204878,50101.1107289077,70993.13373333332
2025-02-21,18360.56122426567,18491.486906546274,25560.262033333333
2025-02-22,18680.87846662001,18723.946271955236,27844.762883333333
2025-02-23,50320.95832062282,49260.90828070397,71531.85368333333
2025-02-24,48772.46814218096,48075.7960402051,68203.03361666667
2025-02-25,49870.81691275561,47621.813445023996,65821.32323333333
2025-02-26,48933.54455829489,47398.81630771912,68814.84803333333
2025-02-27,46211.76680005154,47030.56523363682,66956.58419999998
2025-02-28,18188.961430627613,17587.343882262154,23292.593549999998
2025-03-01,19788.513997349284,19446.733938519847,23658.765933333332
2025-03-02,52252.698275863586,51749.05952861785,72358.30706666666
2025-03-03,53884.9399057552,51915.19603036298,72017.14663333332
2025-03-04,46758.469535399374,46995.1395889295,69199.45793333334
2025-03-05,48495.89656775647,46319.59924075342,66130.47201666667
2025-03-06,44799.03651148633,44859.4432083663,65940.65413333333
2025-03-07,18492.54110924548,17556.149018057964,20922.285533333332
2025-03-08,17179.55316664339,16736.669225005848,19063.139516666666
2025-03-09,47238.755798650185,44936.99721809855,63333.52505
2025-03-10,47210.76938665574,45664.99676219142,68042.07144999999
2025-03-11,61483.30633405916,44804.33976422797,63938.91879999999
2025-03-12,45792.94689128716,44409.854008966926,62435.534683333324
2025-03-13,45817.921343163805,46315.50856430691,67545.61801666666
2025-03-14,16839.852655133276,16704.632876715023,16029.425983333334
2025-03-15,17316.62223838779,16456.23790727849,20924.12515
2025-03-16,44293.08322641033,44350.84513540743,63351.04693333333
2025-03-17,40694.99094976479,41643.84880879091,57858.13143333333
2025-03-18,47125.889572941705,44278.14396315917,61125.958366666666
2025-03-19,47974.64570726654,42291.27361795695,59465.47044999999
2025-03-20,45527.53572207716,45196.36536184179,62208.96181666666
2025-03-21,15923.323307636254,15260.652729454723,12033.464516666667
2025-03-22,16576.98182518869,15887.386137909803,15881.199733333333
2025-03-23,44341.8009222721,42322.76088861119,58769.720116666664
2025-03-24,41474.09700093762,43389.33660779039,57998.497083333335
2025-03-25,46461.347422448394,44179.86570412198,60950.124716666665
2025-03-26,40927.50183739595,39137.983425065926,55592.55486666666
2025-03-27,42450.04122144134,42030.667801593205,58716.98939999999
2025-03-28,15939.182788958935,15440.263706355567,10821.880766666665
2025-03-29,17107.833727182675,15314.536920102575,7707.209183333331
2025-03-30,41387.30855965003,39211.32619500579,55345.619699999996
2025-03-31,46746.481515146486,39001.965949341844,56951.38948333333
2025-04-01,43369.33969300748,41649.71498699183,60208.85151666666
2025-04-02,41594.93952388588,41250.62270569421,60435.335399999996
2025-04-03,42886.73570507441,40467.46164504444,55863.53026666667
2025-04-04,14799.119716440795,14421.873085161102,6430.802249999999
2025-04-05,15217.647832902314,14360.170301457309,12044.114983333335
2025-04-06,39447.403839982784,39178.19520418617,54410.076266666656
2025-04-07,37694.96940733242,37040.1733253773,53242.719283333325
2025-04-08,40623.577270060065,38711.71011546019,54353.19361666666
2025-04-09,39365.73633531339,39916.004358306884,59134.31101666667
2025-04-10,38819.40731552818,38077.97192413772,54460.6379
2025-04-11,15798.83748919546,14477.976298094449,5316.650166666667
2025-04-12,14824.01786970585,14225.745913488598,9025.16055
2025-04-13,36659.59606257414,37027.25632020409,54276.35848333333
2025-04-14,39480.875959699566,37453.338133444006,52528.0318
2025-04-15,39576.83470673434,35154.846169304124,50139.42883333333
2025-04-16,38547.14296323738,37966.99851649573,55779.59194999999
2025-04-17,42254.315701738335,36170.07944108511,52868.34235
2025-04-18,13784.249767912115,13240.941697502152,6354.117183333332
2025-04-19,13654.75896416738,13705.304352505624,6784.679250000001
2025-04-20,34853.802784225554,36060.433268417175,51957.74488333333
2025-04-21,36528.041974742606,35132.753639128015,48516.91038333333
2025-04-22,39943.04839633175,35317.25831648749,52152.92931666666
2025-04-23,46972.89291041196,35115.27287930301,51399.91671666666
2025-04-24,32718.257600005767,34231.569918596564,47090.10669999999
2025-04-25,13462.618994314582,12772.08927744147,2000.3576500000022
2025-04-26,13216.257680826155,13015.381783944858,70.19363333333195
2025-04-27,34146.68414063215,34314.00867695287,48573.47118333333
2025-04-28,37798.667707136876,38818.18497957807,56621.96731666667
2025-04-29,36654.42945633642,34500.45811992107,47433.213716666665
2025-04-30,37937.701948800146,34140.232320745294,48256.85443333333
2025-05-01,44522.90232705443,43085.79767236113,51011.3788
2025-05-02,23024.652133202726,21491.96513991141,14290.320083333332
2025-05-03,21609.600948120897,19804.608956576496,8867.17165
2025-05-04,40456.32499244147,39571.94387922241,51734.66733333333
2025-05-05,38938.80741089248,38084.539629248895,55076.0068
2025-05-06,47668.93460132988,39705.85706917781,52870.08236666666
2025-05-07,45374.13066723982,39297.25143853073,55067.84595
2025-05-08,39158.06844405944,39508.23768380793,55826.5124
2025-05-09,20633.33001251588,15592.513903218845,8499.38585
2025-05-10,18485.57926891149,15427.414889129946,12121.045283333333
2025-05-11,39556.527394037534,38882.66071632266,55484.07908333333
2025-05-12,44197.92787985477,37660.57772885411,51931.195233333325
2025-05-13,38888.25324181605,39094.13744321894,53129.212766666664
2025-05-14,37434.60087928689,38122.249990087585,53014.14878333333
2025-05-15,37285.074129826375,38089.44496733223,52765.05828333333
2025-05-16,15220.52163411996,14667.478379588143,2715.5065333333323
2025-05-17,16631.023720037818,15095.237729157263,10448.799083333333
2025-05-18,38417.03852762942,38003.89166252648,53676.168099999995
2025-05-19,35218.403256982776,36656.54429112306,47515.21655
2025-05-20,45525.397403341136,37727.254396663,54527.39481666666
2025-05-21,48268.475260968706,37484.07627655965,51362.61528333333
2025-05-22,34947.449418825025,35827.52440769768,50816.630816666664
2025-05-23,15244.671208996626,15766.186532797912,6420.948883333333
2025-05-24,14895.253721826557,14555.677751581043,3754.5013833333333
2025-05-25,35339.31271810561,36100.02975308774,48545.01018333333
2025-05-26,55054.849979233084,39036.70564721558,54579.832949999996
2025-05-27,40539.496557008824,37928.55344133412,49390.3673
2025-05-28,36029.95793301475,37283.95581263763,52273.8241
2025-05-29,38783.9522301252,39446.26477266872,54110.1235
2025-05-30,14962.231189553924,15289.987912672175,6596.233266666665
2025-05-31,16084.55049640223,15471.112071784886,8389.181550000001
2025-06-01,61140.96205345442,60555.91555891413,71224.8263
2025-06-02,59206.20138059513,53979.362310535915,68640.80745
2025-06-03,54423.988629778476,49873.67963095255,68192.36683333333
2025-06-04,54665.8403843692,52024.494789502955,69645.26081666666
2025-06-05,53018.73362349884,50760.11307166336,71149.31801666666
2025-06-06,41393.10061327291,34731.17367635011,30854.9954
2025-06-07,33677.227399211246,28594.78297992247,31126.513166666664
2025-06-08,50892.33902716214,48367.5271612237,65184.923266666665
2025-06-09,53186.10405494589,51709.28602921873,70932.71273333333
2025-06-10,48507.374957662796,51160.28364766742,71618.44423333333
2025-06-11,55511.96751779258,54817.99559509452,76084.44631666665
2025-06-12,51048.072596967846,51145.91967211316,72452.39143333332
2025-06-13,27631.170886185304,22049.43291041659,28345.3137
2025-06-14,20480.228693741617,20945.15227480709,26193.34275
2025-06-15,54682.56841600692,51136.08191641545,70626.97433333333
2025-06-16,51468.00041374926,51519.13631454393,72694.05281666666
2025-06-17,51019.808591277484,53476.29972026768,74637.01121666667
2025-06-18,50294.591034357276,51759.73229428089,70928.3909
2025-06-19,55538.95166080103,51820.87346826926,68259.5042
2025-06-20,21432.103217728727,20976.664738498657,22400.58085
2025-06-21,20517.779379477804,20271.633055549508,19334.740399999995
2025-06-22,50770.77123103043,48704.19586594138,67457.34109999999
2025-06-23,46881.55845815115,47232.80353511465,67061.286
2025-06-24,54568.167053071214,54056.95068812654,76268.79225
2025-06-25,54498.28447900568,51275.47893347189,70437.42136666666
2025-06-26,46602.65380458782,48989.238409044665,67547.38383333333
2025-06-27,21227.45907649875,20595.123508027544,19771.645866666666
2025-06-28,20103.107523166982,19773.6608034791,21776.926116666662
2025-06-29,56891.29609012201,50011.07840261619,69267.76853333334
2025-06-30,48842.61352372629,49444.61989753514,69877.68398333332
2025-07-01,121093.6088923455,71418.43224498499,78866.54403333332
2025-07-02,87556.6345430781,62991.06469072233,72904.76636666666
2025-07-03,70670.19576487508,59710.658157453734,79760.41893333333
2025-07-04,56944.48773623573,46946.040317102576,28880.867466666663
2025-07-05,49714.27495760925,39155.05219868903,28790.079966666668
2025-07-06,85025.91000771368,59046.17459168325,79793.98155
2025-07-07,52622.91901735347,53889.21621710001,73409.48276666665
2025-07-08,55000.3354082055,55514.39523343973,75571.38701666666
2025-07-09,55077.243283810734,54756.03860582228,74058.72501666666
2025-07-10,50788.78925085066,52008.156567506776,72853.62338333332
2025-07-11,35072.658784782194,32010.22042821501,32518.77715
2025-07-12,31161.488724852763,27277.25427079881,31084.243333333332
2025-07-13,54954.84450882696,52771.53280300946,69267.7204
2025-07-14,51141.739036564664,52437.117603367216,71807.67921666667
2025-07-15,52581.54169134625,52131.812769153265,72749.05058333333
2025-07-16,51852.324864238035,52268.47887317393,72134.56338333333
2025-07-17,55916.843677131365,52895.10933410698,72720.41606666666
2025-07-18,27463.30519764604,26705.186425650943,31274.248099999997
2025-07-19,27488.047286182373,26683.273832861218,27182.81905
2025-07-20,52874.82224014619,53444.057502871234,72089.97821666666
2025-07-21,53272.590574723145,53676.69087072211,73989.74935
2025-07-22,50980.42468463883,53542.24280188373,73795.14461666666
2025-07-23,57485.23362378075,55148.29579109634,74216.54711666665
2025-07-24,56880.136449933045,54975.4361195288,73616.47200000001
2025-07-25,25717.50166086004,25431.86462743174,26505.319566666665
2025-07-26,24936.877638261056,25362.83702450477,28469.091566666666
2025-07-27,60779.68803033666,53872.9907333726,73685.1898
2025-07-28,53545.20537400948,55082.8278708185,77954.87723333333
2025-07-29,53233.54302183544,55603.69836939994,76069.24595
2025-07-30,78259.8608415042,55221.46996986448,74103.25404999999
2025-07-31,62978.131604978975,53769.415727941196,74694.99626666665
2025-08-01,25526.484794112017,25091.389130805568,21251.359666666664
2025-08-02,25873.57280362841,25393.979299313294,20927.02493333333
2025-08-03,44619.21592671802,45081.174840614614,62839.47998333334
2025-08-04,47467.89550383559,48470.79828767536,65415.65508333333
2025-08-05,46109.33220902765,47500.14005895738,65152.30973333333
2025-08-06,51216.62538963175,50465.95584439498,68114.39926666666
2025-08-07,50470.97878480834,49765.261686159225,63387.98525
2025-08-08,24631.585530557488,24560.531939918143,15775.17125
2025-08-09,24650.175648040648,24420.72896560229,18921.929
2025-08-10,48050.93818346533,47586.69750024267,65304.619049999994
2025-08-11,48872.8203613816,47981.51789362876,64561.25333333333
2025-08-12,49831.663590207245,50239.131319343775,67760.54365
2025-08-13,46595.75296413918,47609.152887841825,66120.97945
2025-08-14,46883.30684298441,48990.52830178005,65926.29098333334
2025-08-15,25369.547164993895,24545.256658736253,17159.72688333333
2025-08-16,27295.180613447905,24926.15833568045,16929.280366666666
2025-08-17,48331.50713499733,48426.13841407628,63165.39361666667
2025-08-18,47667.14246929879,47308.33179954734,64394.11561666666
2025-08-19,47477.78165837613,47686.30253760521,64317.66005
2025-08-20,50768.37278269434,51054.32385433325,70650.69106666667
2025-08-21,48367.084310689825,47635.719776992,65844.41848333333
2025-08-22,26283.877810934897,24412.81925782493,21230.569399999997
2025-08-23,25703.80928886741,24983.802731692813,22530.00615
2025-08-24,46764.889184982756,47096.78794169759,63733.58948333333
2025-08-25,59906.26106438489,55101.2664877355,70773.08701666666
2025-08-26,47314.06312493669,48094.04074209255,65528.81838333333
2025-08-27,51837.08096764968,51034.630066268524,67914.14886666666
2025-08-28,65077.63379915964,51792.784360562335,70767.79498333333
2025-08-29,26421.226316803917,25687.32725843816,22555.220350000003
2025-08-30,25628.812120375856,24881.538449684398,18512.71983333333
2025-08-31,46902.86727178162,47742.675071876074,66646.62308333332
2025-09-01,51614.79195816444,49236.5791503936,53574.13453333333
2025-09-02,43676.88763624683,45121.36741936304,54057.755849999994
2025-09-03,44510.872134995254,43556.10193137956,55547.71725
2025-09-04,41696.4823299655,40820.39277293302,53925.56554999999
2025-09-05,25814.178850068645,24556.30003530556,6824.261666666666
2025-09-06,23455.81773346417,21916.130089124657,7721.083699999998
2025-09-07,38554.97680987506,38977.51861452852,54960.98361666666
2025-09-08,43015.59845371488,42722.376592675784,59395.569533333335
2025-09-09,45233.228939948254,38845.5665753653,53102.834266666665
2025-09-10,43915.90099340421,45273.78804877694,61315.998649999994
2025-09-11,42910.373406631,40789.92372289109,53496.08578333333
2025-09-12,22330.04928309939,21920.667614829934,11551.656200000001
2025-09-13,20330.816057206594,19254.94007637778,8007.101483333332
2025-09-14,46225.855443795095,43485.64192838496,60099.32475
2025-09-15,41029.87416167063,41616.6313220926,55067.03063333333
2025-09-16,45310.6262128083,43145.793053603426,59491.76998333333
2025-09-17,43732.18466700045,42662.72033076628,59960.1184
2025-09-18,51654.61075848489,43593.494235008206,58956.05111666666
2025-09-19,19616.482672609993,18732.614237083726,16101.352316666667
2025-09-20,19236.365441128943,18571.437538138394,15645.433733333331
2025-09-21,42997.04521819823,42245.691048209104,58287.48748333333
2025-09-22,46332.24668153374,44677.3075729144,60614.01988333333
2025-09-23,44941.96251973331,44239.81200601747,62116.615583333325
2025-09-24,56168.185750993696,43792.35752605809,61063.225099999996
2025-09-25,43132.20154819332,44707.16834751772,60335.448899999996
2025-09-26,19898.762369015916,18780.078754751044,17694.243499999997
2025-09-27,21109.168248330083,19142.715611777436,17801.30225
2025-09-28,43064.17093139519,45998.28647308839,63487.62916666666
2025-09-29,45664.46262392693,49132.75784146135,62759.89159999999
2025-09-30,49417.076756016046,48291.9388534728,65422.17476666667
2025-10-01,41884.94665248075,40756.104482566414,49661.52153333333
2025-10-02,45778.20348978772,41770.618305657736,51730.78311666666
2025-10-03,18503.70744493021,17811.440045097846,7817.1537
2025-10-04,18741.884602691134,17357.82669255308,13095.982433333334
2025-10-05,44148.64426436206,41361.635208735555,54735.96106666667
2025-10-06,50462.896425712315,40172.44658326173,57733.109249999994
2025-10-07,40907.113838136465,40102.36609070636,57771.562999999995
2025-10-08,38721.83593981144,39243.46817784397,56478.49566666666
2025-10-09,44180.56316147871,43973.48527692306,55759.98168333333
2025-10-10,18398.69538632741,17862.837142007174,9343.610916666667
2025-10-11,17661.5466619782,17011.120249715314,14106.313583333333
2025-10-12,42350.048375574195,40429.39481551682,58514.95598333333
2025-10-13,43303.60465879179,40925.26322365922,57027.39529999999
2025-10-14,46956.76920290482,44662.778384754725,60773.82928333333
2025-10-15,45622.580743911836,44102.28131139286,61920.023649999996
2025-10-16,44948.117415456465,43649.3916124992,62966.472949999996
2025-10-17,19190.871982353256,16761.510704529548,16004.199316666665
2025-10-18,18006.91027392029,17381.230640787817,16076.593266666663
2025-10-19,44506.81804338921,43813.022492632546,63885.72253333332
2025-10-20,47499.03205345794,46017.63123352762,64440.782366666666
2025-10-21,48401.20850321956,46351.7670163623,66462.58135
2025-10-22,44869.96190201983,45084.102266070215,65554.8967
2025-10-23,51494.42013018636,48708.48559051942,63379.497033333326
2025-10-24,18578.176514100156,17334.31114186799,18420.050716666665
2025-10-25,17918.013403368277,17637.824092483337,19398.43273333333
2025-10-26,47599.94822011019,47219.89684301896,64544.31201666666
2025-10-27,45690.681874323884,45920.99513560879,63552.581666666665
2025-10-28,50582.80297289364,46603.775330361575,65972.42169999999
2025-10-29,48544.94234785386,48134.628259346,69312.2568
2025-10-30,48428.87254789768,45575.59237386184,64787.81765
2025-10-31,18998.58661723603,18245.17940035028,23904.29206666666
2025-11-01,18332.660423662608,18099.591793112002,22544.038433333328
2025-11-02,49090.49540991643,48761.25460656519,68796.38393333333
2025-11-03,49873.62341090951,48656.98909448627,69504.93028333332
2025-11-04,46529.704960312345,47118.65338079534,67580.07203333333
2025-11-05,51769.37890314615,50564.3969866304,69678.02006666666
2025-11-06,50302.8212760288,49917.530882250365,71369.58455
2025-11-07,19428.078822655803,18663.84092989891,23318.461783333332
2025-11-08,18630.960158921625,18423.03036602851,23791.2071
2025-11-09,49938.22847495531,49631.968408953515,71346.81718333333
2025-11-10,50615.20996703907,52058.96117444628,73858.4431
2025-11-11,52592.5285685103,50976.11193822563,71559.01966666666
2025-11-12,50031.8614027966,51099.01335525294,70955.98775
2025-11-13,58231.43895887962,50492.58540059605,72395.87131666666
2025-11-14,18983.7554431487,18723.726217874344,27598.4553
2025-11-15,20010.702390665858,19490.78986241251,28211.886916666666
2025-11-16,50600.10767243401,52507.736745778115,74434.54438333333
2025-11-17,55601.87611287254,53065.7793050642,72695.75433333333
2025-11-18,50628.90550998437,51526.64299891785,74890.55183333333
2025-11-19,53596.31481861898,54166.732596968715,75368.31159999999
2025-11-20,54002.16017282903,52538.76686957705,74793.07603333332
2025-11-21,19322.591913057044,19433.211434673296,28864.384066666666
2025-11-22,20438.478544248173,20343.170800486416,30219.829483333335
2025-11-23,53415.619926267376,53062.01087569155,75232.09628333333
2025-11-24,50820.709768043926,51525.93489553999,74161.9437
2025-11-25,57878.422921851205,55403.65607128026,76168.66046666667
2025-11-26,54095.68776405501,54900.63269144729,76757.66688333332
2025-11-27,52343.068797801054,53649.27791954076,75780.89273333333
2025-11-28,20110.960377412626,19642.27435626241,30921.238550000002
2025-11-29,23966.381012992846,22608.171261873034,34929.4501
2025-11-30,56652.148126832086,56310.037697183376,80244.82811666666
2025-12-01,73024.71630634894,70226.22550917865,86298.92773333333
2025-12-02,70469.115277291,66394.32279363414,88637.80995
2025-12-03,84914.63417898671,63090.68024881829,87162.74856666666
2025-12-04,67755.55723650046,62916.005736378975,86771.20874999999
2025-12-05,46451.81108485564,32462.02671776987,41311.627683333325
2025-12-06,36191.12635088012,29727.926661929658,43664.630816666664
2025-12-07,64771.025395794284,63112.40087689841,87652.68125
2025-12-08,64453.57899482066,63774.09304602435,87847.21111666667
2025-12-09,63632.89514878908,62476.78032247895,87388.45426666667
2025-12-10,62522.83511545615,63030.6495863696,88387.61846666665
2025-12-11,62967.75898706223,61494.70897153508,85961.25469999999
2025-12-12,35344.341096397235,27368.288519627975,43714.41348333333
2025-12-13,26040.79343626286,26226.64799770193,43798.53338333333
2025-12-14,68369.16464737579,63700.577620907796,88778.7218
2025-12-15,70814.0888473526,63873.76119488892,89469.55796666665
2025-12-16,63454.13551309885,62729.33491676157,89418.09133333333
2025-12-17,63746.040217003014,62326.49853710299,88191.84706666667
2025-12-18,60985.419759620134,61770.10398808643,87366.26696666666
2025-12-19,27128.149650686515,26391.733969353216,42908.391299999996
2025-12-20,26387.430920512015,25819.642070594364,42856.352249999996
2025-12-21,62512.125238022345,63352.284932720526,89037.78186666666
2025-12-22,61565.96441886099,62002.65347140169,88937.42708333333
2025-12-23,62940.32417719564,61869.70490709708,87258.09253333331
2025-12-24,62569.5130653868,62157.557028742034,87854.55931666667
2025-12-25,63991.10846187039,62147.589476700865,87812.44853333334
2025-12-26,26874.22140609254,25799.0139864294,43007.62243333333
2025-12-27,25630.7251436482,26030.999691250698,43338.80906666666
2025-12-28,61594.544857649395,61384.70641128882,86809.25475000001
2025-12-29,60174.63747755041,62297.87628717018,87523.76626666667
2025-12-30,62094.26850318286,61140.3772388408,86224.4026
2025-12-31,60048.49001298375,64497.208990667605,88646.42293333334
